<prezi xsi:schemaLocation="http://prezi.com/schema/prezi/2 http://prezi.com/schema/prezi/2" xmlns:xsi="http://www.w3.org/2001/XMLSchema-instance" version="2" xmlns="http://prezi.com/schema/prezi/2"><xFields><xField name="preziType"><xEnum type="PreziType" value="converted-from-core"/></xField></xFields><documentStyle><documentStyle><fontClasses><array><fontClass><fontFamily><string value="Arimo"/></fontFamily><name><string value="body"/></name></fontClass><fontClass><fontFamily><string value="Arimo"/></fontFamily><fontWeight><fontWeight value="bold"/></fontWeight><name><string value="head"/></name></fontClass><fontClass><fontFamily><string value="Arimo"/></fontFamily><fontStyle><fontStyle value="italic"/></fontStyle><fontWeight><fontWeight value="bold"/></fontWeight><name><string value="strong"/></name></fontClass></array></fontClasses><fontFamilies><array><fontFamily><fontFaces><array><fontFace><fontSrc><string value="Arimo-Regular.keg"/></fontSrc></fontFace><fontFace><fontSrc><string value="Arimo-Bold.keg"/></fontSrc><fontWeight><fontWeight value="bold"/></fontWeight></fontFace><fontFace><fontSrc><string value="Arimo-BoldItalic.keg"/></fontSrc><fontStyle><fontStyle value="italic"/></fontStyle><fontWeight><fontWeight value="bold"/></fontWeight></fontFace><fontFace><fontSrc><string value="Arimo-Italic.keg"/></fontSrc><fontStyle><fontStyle value="italic"/></fontStyle></fontFace></array></fontFaces><name><string value="Arimo"/></name></fontFamily></array></fontFamilies><styleDeclarations><array><styleDeclaration><styleBlock><styleBlock><gradEndAlpha><double value="0.7"/></gradEndAlpha><gradStartAlpha><double value="0.5"/></gradStartAlpha></styleBlock></styleBlock><styleSelector><simpleSelector value="zCircle"/></styleSelector></styleDeclaration><styleDeclaration><styleBlock><styleBlock><color><color value="#FFFFFF"/></color><fillType><fillType value="linear"/></fillType><gradEndColor><color value="#FFFFFF"/></gradEndColor><gradStartColor><color value="#FFFFFF"/></gradStartColor></styleBlock></styleBlock><styleSelector><simpleSelector value="*.line1"/></styleSelector></styleDeclaration><styleDeclaration><styleBlock><styleBlock><color><color value="#8EB055"/></color><fillType><fillType value="linear"/></fillType><gradEndColor><color value="#8EB055"/></gradEndColor><gradStartColor><color value="#8EB055"/></gradStartColor></styleBlock></styleBlock><styleSelector><simpleSelector value="*.line2"/></styleSelector></styleDeclaration><styleDeclaration><styleBlock><styleBlock><color><color value="#7DB7F2"/></color><fillType><fillType value="linear"/></fillType><gradEndColor><color value="#7DB7F2"/></gradEndColor><gradStartColor><color value="#7DB7F2"/></gradStartColor></styleBlock></styleBlock><styleSelector><simpleSelector value="*.line3"/></styleSelector></styleDeclaration><styleDeclaration><styleBlock><styleBlock><color><color value="#E3B241"/></color><fillType><fillType value="linear"/></fillType><gradEndColor><color value="#E3B241"/></gradEndColor><gradStartColor><color value="#E3B241"/></gradStartColor></styleBlock></styleBlock><styleSelector><simpleSelector value="*.line4"/></styleSelector></styleDeclaration><styleDeclaration><styleBlock><styleBlock><color><color value="#A85050"/></color><fillType><fillType value="linear"/></fillType><gradEndColor><color value="#A85050"/></gradEndColor><gradStartColor><color value="#A85050"/></gradStartColor></styleBlock></styleBlock><styleSelector><simpleSelector value="*.line5"/></styleSelector></styleDeclaration><styleDeclaration><styleBlock><styleBlock><borderAlpha><double value="0"/></borderAlpha><borderThickness><double value="0"/></borderThickness><color><color value="#2A2A2A"/></color><fillType><fillType value="linear"/></fillType><gradEndColor><color value="#FFFFFF"/></gradEndColor><gradStartColor><color value="#FFFFFF"/></gradStartColor></styleBlock></styleBlock><styleSelector><simpleSelector value="*.poly1"/></styleSelector></styleDeclaration><styleDeclaration><styleBlock><styleBlock><borderAlpha><double value="0"/></borderAlpha><borderThickness><double value="0"/></borderThickness><color><color value="#2A2A2A"/></color><fillType><fillType value="linear"/></fillType><gradEndColor><color value="#8EB055"/></gradEndColor><gradStartColor><color value="#8EB055"/></gradStartColor></styleBlock></styleBlock><styleSelector><simpleSelector value="*.poly2"/></styleSelector></styleDeclaration><styleDeclaration><styleBlock><styleBlock><borderAlpha><double value="0"/></borderAlpha><borderThickness><double value="0"/></borderThickness><color><color value="#2A2A2A"/></color><fillType><fillType value="linear"/></fillType><gradEndColor><color value="#7DB7F2"/></gradEndColor><gradStartColor><color value="#7DB7F2"/></gradStartColor></styleBlock></styleBlock><styleSelector><simpleSelector value="*.poly3"/></styleSelector></styleDeclaration><styleDeclaration><styleBlock><styleBlock><borderAlpha><double value="0"/></borderAlpha><borderThickness><double value="0"/></borderThickness><color><color value="#2A2A2A"/></color><fillType><fillType value="linear"/></fillType><gradEndColor><color value="#E3B241"/></gradEndColor><gradStartColor><color value="#E3B241"/></gradStartColor></styleBlock></styleBlock><styleSelector><simpleSelector value="*.poly4"/></styleSelector></styleDeclaration><styleDeclaration><styleBlock><styleBlock><borderAlpha><double value="0"/></borderAlpha><borderThickness><double value="0"/></borderThickness><color><color value="#2A2A2A"/></color><fillType><fillType value="linear"/></fillType><gradEndColor><color value="#A85050"/></gradEndColor><gradStartColor><color value="#A85050"/></gradStartColor></styleBlock></styleBlock><styleSelector><simpleSelector value="*.poly5"/></styleSelector></styleDeclaration><styleDeclaration><styleBlock><styleBlock><fillType><fillType value="linear"/></fillType><gradEndColor><color value="#000000"/></gradEndColor><gradStartColor><color value="#555555"/></gradStartColor></styleBlock></styleBlock><styleSelector><simpleSelector value="background"/></styleSelector></styleDeclaration><styleDeclaration><styleBlock><styleBlock><borderAlpha><double value="0"/></borderAlpha><borderColor><color value="#333333"/></borderColor><borderThickness><double value="1.5"/></borderThickness><gradEndAlpha><double value="0.7"/></gradEndAlpha><gradStartAlpha><double value="1"/></gradStartAlpha></styleBlock></styleBlock><styleSelector><simpleSelector value="zArrow"/></styleSelector></styleDeclaration><styleDeclaration><styleBlock><styleBlock><borderAlpha><double value="0"/></borderAlpha><gradEndAlpha><double value="1"/></gradEndAlpha><gradStartAlpha><double value="1"/></gradStartAlpha><radius><double value="0"/></radius><thickness><double value="100"/></thickness></styleBlock></styleBlock><styleSelector><simpleSelector value="zCircle"/></styleSelector></styleDeclaration><styleDeclaration><styleBlock><styleBlock><color><color value="#000000"/></color></styleBlock></styleBlock><styleSelector><simpleSelector value="zPencil"/></styleSelector></styleDeclaration><styleDeclaration><styleBlock><styleBlock><fillType><fillType value="linear"/></fillType><gradEndAlpha><double value="0.4"/></gradEndAlpha><gradEndColor><color value="#FFFFFF"/></gradEndColor><gradStartAlpha><double value="0.4"/></gradStartAlpha><gradStartColor><color value="#FFFFFF"/></gradStartColor><padding><double value="1.03"/></padding><thickness><double value="5"/></thickness></styleBlock></styleBlock><styleSelector><simpleSelector value="zBracketFrame"/></styleSelector></styleDeclaration><styleDeclaration><styleBlock><styleBlock><fillType><fillType value="linear"/></fillType><gradEndAlpha><double value="0.4"/></gradEndAlpha><gradEndColor><color value="#FFFFFF"/></gradEndColor><gradStartAlpha><double value="0.4"/></gradStartAlpha><gradStartColor><color value="#FFFFFF"/></gradStartColor><padding><double value="1.03"/></padding><thickness><double value="5"/></thickness></styleBlock></styleBlock><styleSelector><simpleSelector value="zCircleFrame"/></styleSelector></styleDeclaration><styleDeclaration><styleBlock><styleBlock><borderAlpha><double value="0"/></borderAlpha><borderColor><color value="#000000"/></borderColor><borderThickness><double value="5"/></borderThickness><fillType><fillType value="linear"/></fillType><gradEndAlpha><double value="0.3"/></gradEndAlpha><gradEndColor><color value="#333333"/></gradEndColor><gradStartAlpha><double value="0.3"/></gradStartAlpha><gradStartColor><color value="#333333"/></gradStartColor><padding><double value="1.03"/></padding><radius><double value="8"/></radius></styleBlock></styleBlock><styleSelector><simpleSelector value="zRectangleFrame"/></styleSelector></styleDeclaration><styleDeclaration><styleBlock><styleBlock><padding><double value="1.2"/></padding></styleBlock></styleBlock><styleSelector><simpleSelector value="zText"/></styleSelector></styleDeclaration><styleDeclaration><styleBlock><styleBlock><color><color value="#FFFFFF"/></color><fontClass><string value="body"/></fontClass></styleBlock></styleBlock><styleSelector><simpleSelector value="zText.body"/></styleSelector></styleDeclaration><styleDeclaration><styleBlock><styleBlock><backgroundAlpha><double value="0.9"/></backgroundAlpha><backgroundColor><color value="#333333"/></backgroundColor><backgroundPadding><double value="10"/></backgroundPadding></styleBlock></styleBlock><styleSelector><simpleSelector value="zText.body-background"/></styleSelector></styleDeclaration><styleDeclaration><styleBlock><styleBlock><color><color value="#7DB7F2"/></color><fontClass><string value="head"/></fontClass></styleBlock></styleBlock><styleSelector><simpleSelector value="zText.title"/></styleSelector></styleDeclaration><styleDeclaration><styleBlock><styleBlock><backgroundAlpha><double value="0.9"/></backgroundAlpha><backgroundColor><color value="#000000"/></backgroundColor><backgroundPadding><double value="4"/></backgroundPadding></styleBlock></styleBlock><styleSelector><simpleSelector value="zText.title-background"/></styleSelector></styleDeclaration><styleDeclaration><styleBlock><styleBlock><color><color value="#FFFFFF"/></color><fontClass><string value="strong"/></fontClass></styleBlock></styleBlock><styleSelector><simpleSelector value="zText.subtitle"/></styleSelector></styleDeclaration><styleDeclaration><styleBlock><styleBlock><backgroundAlpha><double value="0.8"/></backgroundAlpha><backgroundColor><color value="#E3B241"/></backgroundColor><backgroundPadding><double value="4"/></backgroundPadding></styleBlock></styleBlock><styleSelector><simpleSelector value="zText.subtitle-background"/></styleSelector></styleDeclaration><styleDeclaration><styleBlock><styleBlock><color><color value="#333333"/></color></styleBlock></styleBlock><styleSelector><simpleSelector value="zLine"/></styleSelector></styleDeclaration><styleDeclaration><styleBlock><styleBlock><alpha><double value="0.6"/></alpha><color><color value="#A85050"/></color></styleBlock></styleBlock><styleSelector><simpleSelector value="zMarker"/></styleSelector></styleDeclaration><styleDeclaration><styleBlock><styleBlock><borderAlpha><double value="1"/></borderAlpha><gradEndAlpha><double value="1"/></gradEndAlpha><gradStartAlpha><double value="1"/></gradStartAlpha><radius><double value="0"/></radius><thickness><double value="100"/></thickness></styleBlock></styleBlock><styleSelector><simpleSelector value="zTriangle"/></styleSelector></styleDeclaration><styleDeclaration><styleBlock><styleBlock><borderAlpha><double value="1"/></borderAlpha><gradEndAlpha><double value="1"/></gradEndAlpha><gradStartAlpha><double value="1"/></gradStartAlpha><radius><double value="0"/></radius><thickness><double value="100"/></thickness></styleBlock></styleBlock><styleSelector><simpleSelector value="zSquare"/></styleSelector></styleDeclaration><styleDeclaration><styleBlock><styleBlock><borderColor><color value="#318BFF"/></borderColor><color><color value="#318BFF"/></color><fillType><fillType value="linear"/></fillType><gradEndAlpha><double value="1"/></gradEndAlpha><gradEndColor><color value="#318BFF"/></gradEndColor><gradStartAlpha><double value="1"/></gradStartAlpha><gradStartColor><color value="#318BFF"/></gradStartColor></styleBlock></styleBlock><styleSelector><simpleSelector value="#0"/></styleSelector></styleDeclaration><styleDeclaration><styleBlock><styleBlock><borderColor><color value="#318BFF"/></borderColor><color><color value="#318BFF"/></color><fillType><fillType value="linear"/></fillType><gradEndAlpha><double value="1"/></gradEndAlpha><gradEndColor><color value="#318BFF"/></gradEndColor><gradStartAlpha><double value="1"/></gradStartAlpha><gradStartColor><color value="#318BFF"/></gradStartColor></styleBlock></styleBlock><styleSelector><simpleSelector value="#0_235421508"/></styleSelector></styleDeclaration><styleDeclaration><styleBlock><styleBlock><borderColor><color value="#318BFF"/></borderColor><color><color value="#318BFF"/></color><fillType><fillType value="linear"/></fillType><gradEndAlpha><double value="1"/></gradEndAlpha><gradEndColor><color value="#318BFF"/></gradEndColor><gradStartAlpha><double value="1"/></gradStartAlpha><gradStartColor><color value="#318BFF"/></gradStartColor></styleBlock></styleBlock><styleSelector><simpleSelector value="#10_235421508"/></styleSelector></styleDeclaration><styleDeclaration><styleBlock><styleBlock><borderColor><color value="#318BFF"/></borderColor><color><color value="#318BFF"/></color><fillType><fillType value="linear"/></fillType><gradEndAlpha><double value="1"/></gradEndAlpha><gradEndColor><color value="#318BFF"/></gradEndColor><gradStartAlpha><double value="1"/></gradStartAlpha><gradStartColor><color value="#318BFF"/></gradStartColor></styleBlock></styleBlock><styleSelector><simpleSelector value="#12_235421508"/></styleSelector></styleDeclaration><styleDeclaration><styleBlock><styleBlock><borderColor><color value="#318BFF"/></borderColor><color><color value="#318BFF"/></color><fillType><fillType value="linear"/></fillType><gradEndAlpha><double value="1"/></gradEndAlpha><gradEndColor><color value="#318BFF"/></gradEndColor><gradStartAlpha><double value="1"/></gradStartAlpha><gradStartColor><color value="#318BFF"/></gradStartColor></styleBlock></styleBlock><styleSelector><simpleSelector value="#14_235421508"/></styleSelector></styleDeclaration><styleDeclaration><styleBlock><styleBlock><borderColor><color value="#318BFF"/></borderColor><color><color value="#318BFF"/></color><fillType><fillType value="linear"/></fillType><gradEndAlpha><double value="1"/></gradEndAlpha><gradEndColor><color value="#318BFF"/></gradEndColor><gradStartAlpha><double value="1"/></gradStartAlpha><gradStartColor><color value="#318BFF"/></gradStartColor></styleBlock></styleBlock><styleSelector><simpleSelector value="#16_235421508"/></styleSelector></styleDeclaration><styleDeclaration><styleBlock><styleBlock><borderColor><color value="#318BFF"/></borderColor><color><color value="#318BFF"/></color><fillType><fillType value="linear"/></fillType><gradEndAlpha><double value="1"/></gradEndAlpha><gradEndColor><color value="#318BFF"/></gradEndColor><gradStartAlpha><double value="1"/></gradStartAlpha><gradStartColor><color value="#318BFF"/></gradStartColor></styleBlock></styleBlock><styleSelector><simpleSelector value="#1_235421508"/></styleSelector></styleDeclaration><styleDeclaration><styleBlock><styleBlock><borderColor><color value="#318BFF"/></borderColor><color><color value="#318BFF"/></color><fillType><fillType value="linear"/></fillType><gradEndAlpha><double value="1"/></gradEndAlpha><gradEndColor><color value="#318BFF"/></gradEndColor><gradStartAlpha><double value="1"/></gradStartAlpha><gradStartColor><color value="#318BFF"/></gradStartColor></styleBlock></styleBlock><styleSelector><simpleSelector value="#20_235421508"/></styleSelector></styleDeclaration><styleDeclaration><styleBlock><styleBlock><borderColor><color value="#318BFF"/></borderColor><color><color value="#318BFF"/></color><fillType><fillType value="linear"/></fillType><gradEndAlpha><double value="1"/></gradEndAlpha><gradEndColor><color value="#318BFF"/></gradEndColor><gradStartAlpha><double value="1"/></gradStartAlpha><gradStartColor><color value="#318BFF"/></gradStartColor></styleBlock></styleBlock><styleSelector><simpleSelector value="#23_235421508"/></styleSelector></styleDeclaration><styleDeclaration><styleBlock><styleBlock><borderColor><color value="#318BFF"/></borderColor><color><color value="#318BFF"/></color><fillType><fillType value="linear"/></fillType><gradEndAlpha><double value="1"/></gradEndAlpha><gradEndColor><color value="#318BFF"/></gradEndColor><gradStartAlpha><double value="1"/></gradStartAlpha><gradStartColor><color value="#318BFF"/></gradStartColor></styleBlock></styleBlock><styleSelector><simpleSelector value="#26_235421508"/></styleSelector></styleDeclaration><styleDeclaration><styleBlock><styleBlock><borderColor><color value="#318BFF"/></borderColor><color><color value="#318BFF"/></color><fillType><fillType value="linear"/></fillType><gradEndAlpha><double value="1"/></gradEndAlpha><gradEndColor><color value="#318BFF"/></gradEndColor><gradStartAlpha><double value="1"/></gradStartAlpha><gradStartColor><color value="#318BFF"/></gradStartColor></styleBlock></styleBlock><styleSelector><simpleSelector value="#29_235421508"/></styleSelector></styleDeclaration><styleDeclaration><styleBlock><styleBlock><borderColor><color value="#318BFF"/></borderColor><color><color value="#318BFF"/></color><fillType><fillType value="linear"/></fillType><gradEndAlpha><double value="1"/></gradEndAlpha><gradEndColor><color value="#318BFF"/></gradEndColor><gradStartAlpha><double value="1"/></gradStartAlpha><gradStartColor><color value="#318BFF"/></gradStartColor></styleBlock></styleBlock><styleSelector><simpleSelector value="#3"/></styleSelector></styleDeclaration><styleDeclaration><styleBlock><styleBlock><borderColor><color value="#318BFF"/></borderColor><color><color value="#318BFF"/></color><fillType><fillType value="linear"/></fillType><gradEndAlpha><double value="1"/></gradEndAlpha><gradEndColor><color value="#318BFF"/></gradEndColor><gradStartAlpha><double value="1"/></gradStartAlpha><gradStartColor><color value="#318BFF"/></gradStartColor></styleBlock></styleBlock><styleSelector><simpleSelector value="#33_235421508"/></styleSelector></styleDeclaration><styleDeclaration><styleBlock><styleBlock><borderColor><color value="#318BFF"/></borderColor><color><color value="#318BFF"/></color><fillType><fillType value="linear"/></fillType><gradEndAlpha><double value="1"/></gradEndAlpha><gradEndColor><color value="#318BFF"/></gradEndColor><gradStartAlpha><double value="1"/></gradStartAlpha><gradStartColor><color value="#318BFF"/></gradStartColor></styleBlock></styleBlock><styleSelector><simpleSelector value="#37_235421508"/></styleSelector></styleDeclaration><styleDeclaration><styleBlock><styleBlock><borderColor><color value="#318BFF"/></borderColor><color><color value="#318BFF"/></color><fillType><fillType value="linear"/></fillType><gradEndAlpha><double value="1"/></gradEndAlpha><gradEndColor><color value="#318BFF"/></gradEndColor><gradStartAlpha><double value="1"/></gradStartAlpha><gradStartColor><color value="#318BFF"/></gradStartColor></styleBlock></styleBlock><styleSelector><simpleSelector value="#38_235421508"/></styleSelector></styleDeclaration><styleDeclaration><styleBlock><styleBlock><borderColor><color value="#318BFF"/></borderColor><color><color value="#318BFF"/></color><fillType><fillType value="linear"/></fillType><gradEndAlpha><double value="1"/></gradEndAlpha><gradEndColor><color value="#318BFF"/></gradEndColor><gradStartAlpha><double value="1"/></gradStartAlpha><gradStartColor><color value="#318BFF"/></gradStartColor></styleBlock></styleBlock><styleSelector><simpleSelector value="#43_235421508"/></styleSelector></styleDeclaration><styleDeclaration><styleBlock><styleBlock><borderColor><color value="#318BFF"/></borderColor><color><color value="#318BFF"/></color><fillType><fillType value="linear"/></fillType><gradEndAlpha><double value="1"/></gradEndAlpha><gradEndColor><color value="#318BFF"/></gradEndColor><gradStartAlpha><double value="1"/></gradStartAlpha><gradStartColor><color value="#318BFF"/></gradStartColor></styleBlock></styleBlock><styleSelector><simpleSelector value="#46_235421508"/></styleSelector></styleDeclaration><styleDeclaration><styleBlock><styleBlock><borderColor><color value="#318BFF"/></borderColor><color><color value="#318BFF"/></color><fillType><fillType value="linear"/></fillType><gradEndAlpha><double value="1"/></gradEndAlpha><gradEndColor><color value="#318BFF"/></gradEndColor><gradStartAlpha><double value="1"/></gradStartAlpha><gradStartColor><color value="#318BFF"/></gradStartColor></styleBlock></styleBlock><styleSelector><simpleSelector value="#47_235421508"/></styleSelector></styleDeclaration><styleDeclaration><styleBlock><styleBlock><borderColor><color value="#318BFF"/></borderColor><color><color value="#318BFF"/></color><fillType><fillType value="linear"/></fillType><gradEndAlpha><double value="1"/></gradEndAlpha><gradEndColor><color value="#318BFF"/></gradEndColor><gradStartAlpha><double value="1"/></gradStartAlpha><gradStartColor><color value="#318BFF"/></gradStartColor></styleBlock></styleBlock><styleSelector><simpleSelector value="#48_235421508"/></styleSelector></styleDeclaration><styleDeclaration><styleBlock><styleBlock><borderColor><color value="#318BFF"/></borderColor><color><color value="#318BFF"/></color><fillType><fillType value="linear"/></fillType><gradEndAlpha><double value="1"/></gradEndAlpha><gradEndColor><color value="#318BFF"/></gradEndColor><gradStartAlpha><double value="1"/></gradStartAlpha><gradStartColor><color value="#318BFF"/></gradStartColor></styleBlock></styleBlock><styleSelector><simpleSelector value="#5"/></styleSelector></styleDeclaration><styleDeclaration><styleBlock><styleBlock><borderColor><color value="#318BFF"/></borderColor><color><color value="#318BFF"/></color><fillType><fillType value="linear"/></fillType><gradEndAlpha><double value="1"/></gradEndAlpha><gradEndColor><color value="#318BFF"/></gradEndColor><gradStartAlpha><double value="1"/></gradStartAlpha><gradStartColor><color value="#318BFF"/></gradStartColor></styleBlock></styleBlock><styleSelector><simpleSelector value="#52_235421508"/></styleSelector></styleDeclaration><styleDeclaration><styleBlock><styleBlock><borderColor><color value="#318BFF"/></borderColor><color><color value="#318BFF"/></color><fillType><fillType value="linear"/></fillType><gradEndAlpha><double value="1"/></gradEndAlpha><gradEndColor><color value="#318BFF"/></gradEndColor><gradStartAlpha><double value="1"/></gradStartAlpha><gradStartColor><color value="#318BFF"/></gradStartColor></styleBlock></styleBlock><styleSelector><simpleSelector value="#55_235421508"/></styleSelector></styleDeclaration><styleDeclaration><styleBlock><styleBlock><borderColor><color value="#318BFF"/></borderColor><color><color value="#318BFF"/></color><fillType><fillType value="linear"/></fillType><gradEndAlpha><double value="1"/></gradEndAlpha><gradEndColor><color value="#318BFF"/></gradEndColor><gradStartAlpha><double value="1"/></gradStartAlpha><gradStartColor><color value="#318BFF"/></gradStartColor></styleBlock></styleBlock><styleSelector><simpleSelector value="#59_235421508"/></styleSelector></styleDeclaration><styleDeclaration><styleBlock><styleBlock><borderColor><color value="#318BFF"/></borderColor><color><color value="#318BFF"/></color><fillType><fillType value="linear"/></fillType><gradEndAlpha><double value="1"/></gradEndAlpha><gradEndColor><color value="#318BFF"/></gradEndColor><gradStartAlpha><double value="1"/></gradStartAlpha><gradStartColor><color value="#318BFF"/></gradStartColor></styleBlock></styleBlock><styleSelector><simpleSelector value="#6"/></styleSelector></styleDeclaration><styleDeclaration><styleBlock><styleBlock><borderColor><color value="#318BFF"/></borderColor><color><color value="#318BFF"/></color><fillType><fillType value="linear"/></fillType><gradEndAlpha><double value="1"/></gradEndAlpha><gradEndColor><color value="#318BFF"/></gradEndColor><gradStartAlpha><double value="1"/></gradStartAlpha><gradStartColor><color value="#318BFF"/></gradStartColor></styleBlock></styleBlock><styleSelector><simpleSelector value="#62_235421508"/></styleSelector></styleDeclaration><styleDeclaration><styleBlock><styleBlock><borderColor><color value="#318BFF"/></borderColor><color><color value="#318BFF"/></color><fillType><fillType value="linear"/></fillType><gradEndAlpha><double value="1"/></gradEndAlpha><gradEndColor><color value="#318BFF"/></gradEndColor><gradStartAlpha><double value="1"/></gradStartAlpha><gradStartColor><color value="#318BFF"/></gradStartColor></styleBlock></styleBlock><styleSelector><simpleSelector value="#65_235421508"/></styleSelector></styleDeclaration><styleDeclaration><styleBlock><styleBlock><borderColor><color value="#318BFF"/></borderColor><color><color value="#318BFF"/></color><fillType><fillType value="linear"/></fillType><gradEndAlpha><double value="1"/></gradEndAlpha><gradEndColor><color value="#318BFF"/></gradEndColor><gradStartAlpha><double value="1"/></gradStartAlpha><gradStartColor><color value="#318BFF"/></gradStartColor></styleBlock></styleBlock><styleSelector><simpleSelector value="#68_235421508"/></styleSelector></styleDeclaration><styleDeclaration><styleBlock><styleBlock><borderColor><color value="#318BFF"/></borderColor><color><color value="#318BFF"/></color><fillType><fillType value="linear"/></fillType><gradEndAlpha><double value="1"/></gradEndAlpha><gradEndColor><color value="#318BFF"/></gradEndColor><gradStartAlpha><double value="1"/></gradStartAlpha><gradStartColor><color value="#318BFF"/></gradStartColor></styleBlock></styleBlock><styleSelector><simpleSelector value="#6_235421508"/></styleSelector></styleDeclaration><styleDeclaration><styleBlock><styleBlock><borderColor><color value="#318BFF"/></borderColor><color><color value="#318BFF"/></color><fillType><fillType value="linear"/></fillType><gradEndAlpha><double value="1"/></gradEndAlpha><gradEndColor><color value="#318BFF"/></gradEndColor><gradStartAlpha><double value="1"/></gradStartAlpha><gradStartColor><color value="#318BFF"/></gradStartColor></styleBlock></styleBlock><styleSelector><simpleSelector value="#70_235421508"/></styleSelector></styleDeclaration><styleDeclaration><styleBlock><styleBlock><borderColor><color value="#318BFF"/></borderColor><color><color value="#318BFF"/></color><fillType><fillType value="linear"/></fillType><gradEndAlpha><double value="1"/></gradEndAlpha><gradEndColor><color value="#318BFF"/></gradEndColor><gradStartAlpha><double value="1"/></gradStartAlpha><gradStartColor><color value="#318BFF"/></gradStartColor></styleBlock></styleBlock><styleSelector><simpleSelector value="#73_235421508"/></styleSelector></styleDeclaration><styleDeclaration><styleBlock><styleBlock><borderColor><color value="#318BFF"/></borderColor><color><color value="#318BFF"/></color><fillType><fillType value="linear"/></fillType><gradEndAlpha><double value="1"/></gradEndAlpha><gradEndColor><color value="#318BFF"/></gradEndColor><gradStartAlpha><double value="1"/></gradStartAlpha><gradStartColor><color value="#318BFF"/></gradStartColor></styleBlock></styleBlock><styleSelector><simpleSelector value="#76_235421508"/></styleSelector></styleDeclaration><styleDeclaration><styleBlock><styleBlock><borderColor><color value="#318BFF"/></borderColor><color><color value="#318BFF"/></color><fillType><fillType value="linear"/></fillType><gradEndAlpha><double value="1"/></gradEndAlpha><gradEndColor><color value="#318BFF"/></gradEndColor><gradStartAlpha><double value="1"/></gradStartAlpha><gradStartColor><color value="#318BFF"/></gradStartColor></styleBlock></styleBlock><styleSelector><simpleSelector value="#80_235421508"/></styleSelector></styleDeclaration><styleDeclaration><styleBlock><styleBlock><borderColor><color value="#318BFF"/></borderColor><color><color value="#318BFF"/></color><fillType><fillType value="linear"/></fillType><gradEndAlpha><double value="1"/></gradEndAlpha><gradEndColor><color value="#318BFF"/></gradEndColor><gradStartAlpha><double value="1"/></gradStartAlpha><gradStartColor><color value="#318BFF"/></gradStartColor></styleBlock></styleBlock><styleSelector><simpleSelector value="#83_235421508"/></styleSelector></styleDeclaration><styleDeclaration><styleBlock><styleBlock><borderColor><color value="#318BFF"/></borderColor><color><color value="#318BFF"/></color><fillType><fillType value="linear"/></fillType><gradEndAlpha><double value="1"/></gradEndAlpha><gradEndColor><color value="#318BFF"/></gradEndColor><gradStartAlpha><double value="1"/></gradStartAlpha><gradStartColor><color value="#318BFF"/></gradStartColor></styleBlock></styleBlock><styleSelector><simpleSelector value="#86_235421508"/></styleSelector></styleDeclaration><styleDeclaration><styleBlock><styleBlock><borderColor><color value="#318BFF"/></borderColor><color><color value="#318BFF"/></color><fillType><fillType value="linear"/></fillType><gradEndAlpha><double value="1"/></gradEndAlpha><gradEndColor><color value="#318BFF"/></gradEndColor><gradStartAlpha><double value="1"/></gradStartAlpha><gradStartColor><color value="#318BFF"/></gradStartColor></styleBlock></styleBlock><styleSelector><simpleSelector value="#88_235421508"/></styleSelector></styleDeclaration><styleDeclaration><styleBlock><styleBlock><borderColor><color value="#318BFF"/></borderColor><color><color value="#318BFF"/></color><fillType><fillType value="linear"/></fillType><gradEndAlpha><double value="1"/></gradEndAlpha><gradEndColor><color value="#318BFF"/></gradEndColor><gradStartAlpha><double value="1"/></gradStartAlpha><gradStartColor><color value="#318BFF"/></gradStartColor></styleBlock></styleBlock><styleSelector><simpleSelector value="#9"/></styleSelector></styleDeclaration><styleDeclaration><styleBlock><styleBlock><borderColor><color value="#318BFF"/></borderColor><color><color value="#318BFF"/></color><fillType><fillType value="linear"/></fillType><gradEndAlpha><double value="1"/></gradEndAlpha><gradEndColor><color value="#318BFF"/></gradEndColor><gradStartAlpha><double value="1"/></gradStartAlpha><gradStartColor><color value="#318BFF"/></gradStartColor></styleBlock></styleBlock><styleSelector><simpleSelector value="#90_235421508"/></styleSelector></styleDeclaration><styleDeclaration><styleBlock><styleBlock><borderColor><color value="#318BFF"/></borderColor><color><color value="#318BFF"/></color><fillType><fillType value="linear"/></fillType><gradEndAlpha><double value="1"/></gradEndAlpha><gradEndColor><color value="#318BFF"/></gradEndColor><gradStartAlpha><double value="1"/></gradStartAlpha><gradStartColor><color value="#318BFF"/></gradStartColor></styleBlock></styleBlock><styleSelector><simpleSelector value="#92_235421508"/></styleSelector></styleDeclaration><styleDeclaration><styleBlock><styleBlock><borderColor><color value="#318BFF"/></borderColor><color><color value="#318BFF"/></color><fillType><fillType value="linear"/></fillType><gradEndAlpha><double value="1"/></gradEndAlpha><gradEndColor><color value="#318BFF"/></gradEndColor><gradStartAlpha><double value="1"/></gradStartAlpha><gradStartColor><color value="#318BFF"/></gradStartColor></styleBlock></styleBlock><styleSelector><simpleSelector value="#95_235421508"/></styleSelector></styleDeclaration></array></styleDeclarations></documentStyle></documentStyle><path><array><flyToObject><target><ref value="20"/></target></flyToObject><flyToObject><target><ref value="0"/></target></flyToObject><flyToObject><target><ref value="3"/></target></flyToObject><flyToObject><target><ref value="5"/></target></flyToObject><flyToObject><target><ref value="9"/></target></flyToObject><flyToObject><target><ref value="6"/></target></flyToObject><flyToObject><target><ref value="1_235421508"/></target></flyToObject><flyToObject><target><ref value="14_235421508"/></target></flyToObject><flyToObject><target><ref value="16_235421508"/></target></flyToObject><flyToObject><target><ref value="0_235421508"/></target></flyToObject><flyToObject><target><ref value="6_235421508"/></target></flyToObject><flyToObject><target><ref value="10_235421508"/></target></flyToObject><flyToObject><target><ref value="12_235421508"/></target></flyToObject><flyToObject><target><ref value="20_235421508"/></target></flyToObject><flyToObject><target><ref value="23_235421508"/></target></flyToObject><flyToObject><target><ref value="26_235421508"/></target></flyToObject><flyToObject><target><ref value="29_235421508"/></target></flyToObject><flyToObject><target><ref value="33_235421508"/></target></flyToObject><flyToObject><target><ref value="37_235421508"/></target></flyToObject><flyToObject><target><ref value="38_235421508"/></target></flyToObject><flyToObject><target><ref value="43_235421508"/></target></flyToObject><flyToObject><target><ref value="48_235421508"/></target></flyToObject><flyToObject><target><ref value="47_235421508"/></target></flyToObject><flyToObject><target><ref value="46_235421508"/></target></flyToObject><flyToObject><target><ref value="52_235421508"/></target></flyToObject><flyToObject><target><ref value="55_235421508"/></target></flyToObject><flyToObject><target><ref value="59_235421508"/></target></flyToObject><flyToObject><target><ref value="62_235421508"/></target></flyToObject><flyToObject><target><ref value="65_235421508"/></target></flyToObject><flyToObject><target><ref value="68_235421508"/></target></flyToObject><flyToObject><target><ref value="70_235421508"/></target></flyToObject><flyToObject><target><ref value="73_235421508"/></target></flyToObject><flyToObject><target><ref value="76_235421508"/></target></flyToObject><flyToObject><target><ref value="80_235421508"/></target></flyToObject><flyToObject><target><ref value="83_235421508"/></target></flyToObject><flyToObject><target><ref value="86_235421508"/></target></flyToObject><flyToObject><target><ref value="88_235421508"/></target></flyToObject><flyToObject><target><ref value="90_235421508"/></target></flyToObject><flyToObject><target><ref value="92_235421508"/></target></flyToObject><flyToObject><target><ref value="95_235421508"/></target></flyToObject><flyToObject><target><ref value="20"/></target></flyToObject></array></path><zObjects><array><zInvisibleFrame><height><double value="600"/></height><id><string value="20"/></id><localToWorld><transform2D x="5292.30739144455" y="-8129.656882162713" scale="194.447647370038" rotation="0"/></localToWorld><styleClasses><array><token value="invisible"/></array></styleClasses><width><double value="962.2377622377622"/></width></zInvisibleFrame><zBracketFrame><height><double value="800"/></height><id><string value="0"/></id><localToWorld><transform2D x="4532.725071550201" y="-7851.609189396867" scale="59.97624129430876" rotation="0"/></localToWorld><styleClasses><array><token value="bracket"/></array></styleClasses><width><double value="800"/></width></zBracketFrame><zBracketFrame><height><double value="800"/></height><id><string value="3"/></id><localToWorld><transform2D x="-49638.878437931286" y="10666.320603441145" scale="38.05860600219947" rotation="0"/></localToWorld><styleClasses><array><token value="bracket"/></array></styleClasses><width><double value="800"/></width></zBracketFrame><zBracketFrame><height><double value="800"/></height><id><string value="5"/></id><localToWorld><transform2D x="-35731.95093987174" y="-33268.025411718714" scale="27.286662338397825" rotation="0"/></localToWorld><styleClasses><array><token value="bracket"/></array></styleClasses><width><double value="800"/></width></zBracketFrame><zBracketFrame><height><double value="800"/></height><id><string value="6"/></id><localToWorld><transform2D x="54456.45070699329" y="-4126.747894666369" scale="33.42271294519806" rotation="0"/></localToWorld><styleClasses><array><token value="bracket"/></array></styleClasses><width><double value="800"/></width></zBracketFrame><zBracketFrame><height><double value="800"/></height><id><string value="9"/></id><localToWorld><transform2D x="35029.03175002164" y="-39398.26059374583" scale="24.782040750977508" rotation="0"/></localToWorld><styleClasses><array><token value="bracket"/></array></styleClasses><width><double value="800"/></width></zBracketFrame><zText><id><string value="3_30863873"/></id><localToWorld><transform2D x="-49771.90903339274" y="-1003.7465422270496" scale="83.90296530412652" rotation="0"/></localToWorld><styleClasses><array><token value="title"/></array></styleClasses><text><text><width>220.4993900181616</width><p align="center"><span><![CDATA[Requirements]]></span></p></text></text></zText><zText><id><string value="4_30863873"/></id><localToWorld><transform2D x="-48734.9168256547" y="11413.098629317634" scale="29.684995005310405" rotation="0"/></localToWorld><styleClasses><array><token value="body"/></array></styleClasses><text><text><width>846.0314527172836</width><p><span><![CDATA[1. Develop a login portal using Java Spring which will consist of use-case buttons to simulate an increasing load on the application and database. ]]></span></p><p><span><![CDATA[2. The database can either be a relational database or a NoSQL database. ]]></span></p><p><span><![CDATA[3. The entire stack must be deployed in AWS or Azure. ]]></span></p><p><span><![CDATA[4. Proper infrastructure alerts and triggers to allow for auto-scaling of resources to accommodate the additional load in application, network, data storage and usage with your environment. ]]></span></p><p><span><![CDATA[5. Minimum of one load balancer is required.]]></span></p><p><span><![CDATA[6. There are 5 use-case buttons that need to be implemented which are follows: ]]></span></p><p><span><![CDATA[a. Simulation of 3 user login to application and run 2 report going back 10 days ]]></span></p><p><span><![CDATA[b. Simulation of 10 user login to application and run 6 report going back 30 days ]]></span></p><p><span><![CDATA[c. Simulation of 17 user login to application and run 10 report going back 60 days ]]></span></p><p><span><![CDATA[d. Simulation of 24 user login to application and run 14 report going back 90 days. ]]></span></p><p><span><![CDATA[e. User input fields to allow me the ability to enter parameters for how many users login simulation and how many reports those users are uniquely are running.]]></span></p><p/></text></text></zText><zText><id><string value="7_30863873"/></id><localToWorld><transform2D x="34942.15683725526" y="-46734.22541168111" scale="54.63381147419194" rotation="0"/></localToWorld><styleClasses><array><token value="title"/></array></styleClasses><text><text><width>220.4993900181616</width><p align="center"><span><![CDATA[Web Application]]></span></p></text></text></zText><zText><id><string value="8_30863873"/></id><localToWorld><transform2D x="35070.11387495439" y="-39196.20582595803" scale="31.523433467227985" rotation="0"/></localToWorld><styleClasses><array><token value="body"/></array></styleClasses><text><text><width>431.2832837460853</width><p align="justify"><span><![CDATA[We have created a Car Rental Web Application where in Customers can register and create an account. After creating an account, Customer can login to the portal and reserve cars for rent.]]></span></p><p align="justify"/><p align="justify"/><p align="justify"><span><![CDATA[A report page is fetching data about the Cars from the database. Besides the main report we have a mechanism to simulate users.]]></span></p><p/></text></text></zText><zText><id><string value="11_30863873"/></id><localToWorld><transform2D x="54611.24360607546" y="-14391.282501777298" scale="73.68280184641199" rotation="0"/></localToWorld><styleClasses><array><token value="title"/></array></styleClasses><text><text><width>220.4993900181616</width><p align="center"><span><![CDATA[User Simulation]]></span></p></text></text></zText><zText><id><string value="12_30863873"/></id><localToWorld><transform2D x="54718.03313506158" y="-2539.0536496791715" scale="45.4594406266971" rotation="0"/></localToWorld><styleClasses><array><token value="body"/></array></styleClasses><text><text><width>428.6737784827681</width><p align="justify"><span><![CDATA[We are using a python script to create a web client, which will open a socket connection to the server and request a web page from the application. ]]></span></p><p align="justify"><span><![CDATA[When we use any of the buttons on the report page to simulate user requests to the application, the web application creates a process to execute the python script. ]]></span></p><p align="justify"><span><![CDATA[Depending on the value of user count being simulated, the script opens that many connections to the server and tries to fetch data.]]></span></p></text></text></zText><zText><id><string value="12_4"/></id><localToWorld><transform2D x="5386.784428084554" y="-10680.610633513013" scale="134.05394301924423" rotation="0"/></localToWorld><styleClasses><array><token value="title"/></array></styleClasses><text><text><width>303.1192236139369</width><p align="center"><span><![CDATA[Cloud Computing Project ]]></span></p></text></text></zText><zText><id><string value="14_30863873"/></id><localToWorld><transform2D x="-35733.86266276657" y="-41619.68880659725" scale="60.15543194912858" rotation="0"/></localToWorld><styleClasses><array><token value="title"/></array></styleClasses><text><text><width>220.4993900181616</width><p align="center"><span><![CDATA[Business Justification]]></span></p></text></text></zText><zText><id><string value="15_30863873"/></id><localToWorld><transform2D x="-35438.77315181493" y="-31973.879762394055" scale="34.709380611976826" rotation="0"/></localToWorld><styleClasses><array><token value="body"/></array></styleClasses><text><text><width>390.9237784827681</width><p align="justify"><span><![CDATA[Develop and Deploy a web application that simulates workloads on servers and scale them accordingly using AWS. ]]></span></p><p align="justify"/><p align="justify"><span><![CDATA[Simulate the web application on EC2 Instance and configure it to connect to RDS for MySQL database Instance.]]></span></p><p align="justify"/><p align="justify"><span><![CDATA[Develop 5 use case buttons to simulate increasing load on the application using Java Spring MVC framework.]]></span></p><p/></text></text></zText><zBracketFrame><height><double value="800"/></height><id><string value="0_235421508"/></id><localToWorld><transform2D x="-88290.10337884427" y="-42761.765780122914" scale="25.844853722186258" rotation="0"/></localToWorld><styleClasses><array><token value="bracket"/></array></styleClasses><width><double value="800"/></width></zBracketFrame><zBracketFrame><height><double value="600"/></height><id><string value="1_235421508"/></id><localToWorld><transform2D x="-54652.24148864867" y="-18264.584773454506" scale="10.324600869048135" rotation="0"/></localToWorld><styleClasses><array><token value="bracket"/></array></styleClasses><width><double value="800"/></width></zBracketFrame><zText><id><string value="2_235421508"/></id><localToWorld><transform2D x="17801.46805165051" y="7768.188453983721" scale="76.2914188970082" rotation="0"/></localToWorld><styleClasses><array><token value="body"/></array></styleClasses><text><text><width>-202.78125</width><p><span><![CDATA[Priyanka Bandekar]]></span></p><p><span><![CDATA[Maansi Chandira]]></span></p><p><span><![CDATA[Geetesh Pandit]]></span></p><p><span><![CDATA[Siddharth Wale]]></span></p><p/></text></text></zText><zText><id><string value="3_235421508"/></id><localToWorld><transform2D x="-4056.2637430575583" y="-26293.09355625271" scale="83.90296530412652" rotation="0"/></localToWorld><styleClasses><array><token value="body"/></array></styleClasses><text><text><width>327.973968468866</width><p><span><![CDATA[6225-CSYE Network Structures and Cloud Computing ]]></span></p></text></text></zText><zText><id><string value="4_235421508"/></id><localToWorld><transform2D x="-54741.368631130405" y="-20756.238792555985" scale="14.203528682351335" rotation="0"/></localToWorld><styleClasses><array><token value="title"/></array></styleClasses><text><text><width>-300.10546875</width><p><span><![CDATA[Systems and Descriptions]]></span></p></text></text></zText><zText><id><string value="5_235421508"/></id><localToWorld><transform2D x="-54522.63428942219" y="-19996.705096267255" scale="14.203528682351335" rotation="0"/></localToWorld><styleClasses><array><token value="subtitle"/></array></styleClasses><text><text><width>507.7828125</width><p><span><![CDATA[Launching instance using Elastic Beanstalk]]></span></p></text></text></zText><zText><id><string value="8_235421508"/></id><localToWorld><transform2D x="-87917.40257917083" y="-50968.3931260247" scale="36.032759740175095" rotation="0"/></localToWorld><styleClasses><array><token value="subtitle"/></array></styleClasses><text><text><width>512.7623859184959</width><p><span><![CDATA[Attached SSL Certificate to Load Balancer]]></span></p></text></text></zText><zText><id><string value="9_235421508"/></id><localToWorld><transform2D x="-88080.95641899663" y="-45638.33542651612" scale="27.94123438239453" rotation="0"/></localToWorld><styleClasses><array><token value="body"/></array></styleClasses><text><text><width>575.2135235860976</width><p><span><![CDATA[We added SSL certificate on the load balancer to override default EBS settings to redirect all the HTTP requests to HTTPS(443)]]></span></p></text></text></zText><zBracketFrame><height><double value="600"/></height><id><string value="12_235421508"/></id><localToWorld><transform2D x="-51804.43398783722" y="-65001.650990948634" scale="25.839135297522656" rotation="0"/></localToWorld><styleClasses><array><token value="bracket"/></array></styleClasses><width><double value="800"/></width></zBracketFrame><zText><id><string value="13_235421508"/></id><localToWorld><transform2D x="-51864.7989847372" y="-71218.53549521382" scale="28.40705736470267" rotation="0"/></localToWorld><styleClasses><array><token value="subtitle"/></array></styleClasses><text><text><width>611.8808632687065</width><p><span><![CDATA[Amazon Relational Database Service (Amazon RDS) ]]></span></p></text></text></zText><zBracketFrame><height><double value="579.109375"/></height><id><string value="14_235421508"/></id><localToWorld><transform2D x="-56649.61270960433" y="-17278.859882899327" scale="3.397806414825012" rotation="0"/></localToWorld><styleClasses><array><token value="bracket"/></array></styleClasses><width><double value="800"/></width></zBracketFrame><zImage><assetSourceFilename><string value="Pasted image at 2016_12_14 06_09 PM (1).png"/></assetSourceFilename><height><double value="768"/></height><id><string value="15_235421508"/></id><localToWorld><transform2D x="-56646.061827433725" y="-17275.30900072874" scale="1.8137060677283103" rotation="0"/></localToWorld><onlineAssetId><string value="4692751511"/></onlineAssetId><onlineAssetUrl><string value="http://0103.static.prezi.com.s3.amazonaws.com/media/c/2/0/0b27456588f21222f946c5f4416e98e7c9dc6.png"/></onlineAssetUrl><width><double value="1366"/></width></zImage><zBracketFrame><height><double value="1646.409421175686"/></height><id><string value="16_235421508"/></id><localToWorld><transform2D x="-52937.744356216244" y="-17278.852113502402" scale="1.5239616153471478" rotation="0"/></localToWorld><styleClasses><array><token value="bracket"/></array></styleClasses><width><double value="2138.8914835270675"/></width></zBracketFrame><zImage><assetSourceFilename><string value="Pasted image at 2016_12_14 06_09 PM.png"/></assetSourceFilename><height><double value="768"/></height><id><string value="17_235421508"/></id><localToWorld><transform2D x="-52947.10787033238" y="-17291.287970496385" scale="2.1485520371784252" rotation="0"/></localToWorld><onlineAssetId><string value="4692751867"/></onlineAssetId><onlineAssetUrl><string value="http://0103.static.prezi.com.s3.amazonaws.com/media/7/b/9/f17071d3b7d7370fb5948ce80906c61988608.png"/></onlineAssetUrl><width><double value="1366"/></width></zImage><zBracketFrame><height><double value="600"/></height><id><string value="6_235421508"/></id><localToWorld><transform2D x="-93714.43098263424" y="-37316.132883309416" scale="8.289238649627666" rotation="0"/></localToWorld><styleClasses><array><token value="bracket"/></array></styleClasses><width><double value="848.6477712179662"/></width></zBracketFrame><zImage><assetSourceFilename><string value="Pasted image at 2016_12_14 05_44 PM.png"/></assetSourceFilename><height><double value="1080"/></height><id><string value="7_235421508"/></id><localToWorld><transform2D x="-93512.80448993533" y="-37316.132883309416" scale="3.170970638705078" rotation="0"/></localToWorld><onlineAssetId><string value="4692753726"/></onlineAssetId><onlineAssetUrl><string value="http://0103.static.prezi.com.s3.amazonaws.com/media/d/2/5/1f148ea391c31733ac2e8ed1d0daed5031dff.png"/></onlineAssetUrl><width><double value="1920"/></width></zImage><zBracketFrame><height><double value="600"/></height><id><string value="10_235421508"/></id><localToWorld><transform2D x="-83601.51856080008" y="-37052.30233803474" scale="8.792960141020727" rotation="0"/></localToWorld><styleClasses><array><token value="bracket"/></array></styleClasses><width><double value="800"/></width></zBracketFrame><zImage><assetSourceFilename><string value="Pasted image at 2016_12_14 05_55 PM (1).png"/></assetSourceFilename><height><double value="360"/></height><id><string value="18_235421508"/></id><localToWorld><transform2D x="-83488.86175540814" y="-37332.61897733346" scale="7.182079184674411" rotation="0"/></localToWorld><onlineAssetId><string value="4692749866"/></onlineAssetId><onlineAssetUrl><string value="http://0103.static.prezi.com.s3.amazonaws.com/media/4/2/0/bc914969fbeaba889c2e597e1da2faec75030.png"/></onlineAssetUrl><width><double value="862"/></width></zImage><zText><id><string value="19_235421508"/></id><localToWorld><transform2D x="-52148.15938195012" y="-66612.00934483057" scale="28.40705736470267" rotation="0"/></localToWorld><styleClasses><array><token value="body"/></array></styleClasses><text><text><width>552</width><p><span><![CDATA[We have used RDS for MySQL Database Instance to fetch the data for our Application. Amazon RDS for MySQL gives access to the capabilities of a familiar MySQL database engine.]]></span></p></text></text></zText><zBracketFrame><height><double value="1279.7043784401244"/></height><id><string value="20_235421508"/></id><localToWorld><transform2D x="-58126.17406921061" y="-61435.24627419584" scale="3.532872923422345" rotation="0"/></localToWorld><styleClasses><array><token value="bracket"/></array></styleClasses><width><double value="1317.6844635081902"/></width></zBracketFrame><zText><id><string value="21_235421508"/></id><localToWorld><transform2D x="-58073.16137179297" y="-63204.19443619707" scale="6.198023298368326" rotation="0"/></localToWorld><styleClasses><array><token value="body"/></array></styleClasses><text><text><width>627.9153524365634</width><p><span><![CDATA[The RDS instance is created below along with the replica]]></span></p></text></text></zText><zImage><assetSourceFilename><string value="Pasted image at 2016_12_14 05_34 PM.png"/></assetSourceFilename><height><double value="1080"/></height><id><string value="22_235421508"/></id><localToWorld><transform2D x="-58109.025281715905" y="-61232.0344786526" scale="2.2533485646158162" rotation="0"/></localToWorld><onlineAssetId><string value="4692756243"/></onlineAssetId><onlineAssetUrl><string value="http://0103.static.prezi.com.s3.amazonaws.com/media/e/9/8/9904df506d0f3165551c31aaa95fe97c0f684.png"/></onlineAssetUrl><width><double value="1920"/></width></zImage><zBracketFrame><height><double value="629.6875"/></height><id><string value="23_235421508"/></id><localToWorld><transform2D x="-51542.733971864895" y="-60553.815984070316" scale="6.558891963044134" rotation="0"/></localToWorld><styleClasses><array><token value="bracket"/></array></styleClasses><width><double value="800"/></width></zBracketFrame><zImage><assetSourceFilename><string value="Pasted image at 2016_12_14 05_42 PM.png"/></assetSourceFilename><height><double value="1080"/></height><id><string value="24_235421508"/></id><localToWorld><transform2D x="-51493.02162147666" y="-60153.56718234275" scale="2.25334856461582" rotation="0"/></localToWorld><onlineAssetId><string value="4692756657"/></onlineAssetId><onlineAssetUrl><string value="http://0103.static.prezi.com.s3.amazonaws.com/media/f/c/f/f44d4720a317b9c2d7e5ff25bb5435023ca07.png"/></onlineAssetUrl><width><double value="1920"/></width></zImage><zText><id><string value="25_235421508"/></id><localToWorld><transform2D x="-51501.898826903154" y="-62003.22170500193" scale="7.101764341175664" rotation="0"/></localToWorld><styleClasses><array><token value="subtitle"/></array></styleClasses><text><text><width>650.9611372487615</width><p align="justify"><span><![CDATA[We connected the RDS instance with MySQL database connection. We specified the end point URL of the DB instance with username and password that was used during launching of the DB instance.]]></span></p></text></text></zText><zBracketFrame><height><double value="749.7155404090881"/></height><id><string value="26_235421508"/></id><localToWorld><transform2D x="-45123.44918387621" y="-61534.5264928602" scale="5.378558435791611" rotation="0"/></localToWorld><styleClasses><array><token value="bracket"/></array></styleClasses><width><double value="800"/></width></zBracketFrame><zText><id><string value="27_235421508"/></id><localToWorld><transform2D x="-45203.344032714434" y="-62979.78700539601" scale="7.1017643411756675" rotation="0"/></localToWorld><styleClasses><array><token value="subtitle"/></array></styleClasses><text><text><width>-256.01953125</width><p><span><![CDATA[RDS Utlization Graphs]]></span></p></text></text></zText><zImage><assetSourceFilename><string value="Pasted image at 2016_12_14 05_55 PM.png"/></assetSourceFilename><height><double value="1080"/></height><id><string value="28_235421508"/></id><localToWorld><transform2D x="-45106.04986124032" y="-61313.70476857611" scale="2.0533696340553718" rotation="0"/></localToWorld><onlineAssetId><string value="4692757511"/></onlineAssetId><onlineAssetUrl><string value="http://0103.static.prezi.com.s3.amazonaws.com/media/4/0/d/895b478fc0b777d980243770c7e3a2a2237dd.png"/></onlineAssetUrl><width><double value="1920"/></width></zImage><zBracketFrame><height><double value="600"/></height><id><string value="29_235421508"/></id><localToWorld><transform2D x="-98076.33464098434" y="10668.713328929278" scale="39.49248217797674" rotation="0"/></localToWorld><styleClasses><array><token value="bracket"/></array></styleClasses><width><double value="800"/></width></zBracketFrame><zText><id><string value="30_235421508"/></id><localToWorld><transform2D x="-97775.9300093526" y="1062.5117928380112" scale="56.81411472940534" rotation="0"/></localToWorld><styleClasses><array><token value="subtitle"/></array></styleClasses><text><text><width>-518.8125</width><p><span><![CDATA[Amazon Simple Storage Service (Amazon S3)]]></span></p></text></text></zText><zText><id><string value="31_235421508"/></id><localToWorld><transform2D x="-97687.94784520337" y="3994.475201092388" scale="28.986793229288438" rotation="0"/></localToWorld><styleClasses><array><token value="body"/></array></styleClasses><text><text><width>591.8710220542507</width><p align="justify"><span><![CDATA[In Our Architecture we have created a S3 bucket wherein images are uploaded to it from our application.]]></span></p></text></text></zText><zImage><assetSourceFilename><string value="Pasted image at 2016_12_14 06_18 PM.png"/></assetSourceFilename><height><double value="768"/></height><id><string value="32_235421508"/></id><localToWorld><transform2D x="-98006.38226222375" y="13621.982030207178" scale="20.171954289686223" rotation="0"/></localToWorld><onlineAssetId><string value="4692758955"/></onlineAssetId><onlineAssetUrl><string value="http://0103.static.prezi.com.s3.amazonaws.com/media/e/1/d/f8d18cb84980a18a85a96dbe400a75d7804b2.png"/></onlineAssetUrl><width><double value="1366"/></width></zImage><zBracketFrame><height><double value="600"/></height><id><string value="33_235421508"/></id><localToWorld><transform2D x="-75062.68444696207" y="35333.49597404943" scale="25.839135297522652" rotation="0"/></localToWorld><styleClasses><array><token value="bracket"/></array></styleClasses><width><double value="804.23046875"/></width></zBracketFrame><zText><id><string value="34_235421508"/></id><localToWorld><transform2D x="-75008.15753696246" y="29442.582453044222" scale="43.93933971529473" rotation="0"/></localToWorld><styleClasses><array><token value="subtitle"/></array></styleClasses><text><text><width>160.27080530382304</width><p><span><![CDATA[ Auto Scaling]]></span></p></text></text></zText><zText><id><string value="35_235421508"/></id><localToWorld><transform2D x="-74775.75365004416" y="32516.49416473588" scale="22.418030466987116" rotation="0"/></localToWorld><styleClasses><array><token value="subtitle"/></array></styleClasses><text><text><width>884.6090816354689</width><p><span><![CDATA[If any of the EC2 instances fails to respond, the ELB will detect it and launch a replacement. When web traffic dies down, instances can be terminated automatically.]]></span></p></text></text></zText><zText><id><string value="36_235421508"/></id><localToWorld><transform2D x="-74876.06551740132" y="30736.081844403147" scale="22.418030466987116" rotation="0"/></localToWorld><styleClasses><array><token value="subtitle"/></array></styleClasses><text><text><width>856.2427571649729</width><p><span><![CDATA[In our project we have used AWS Elastic Beanstalk which handles the auto scaling feature itself.]]></span></p></text></text></zText><zBracketFrame><height><double value="600"/></height><id><string value="37_235421508"/></id><localToWorld><transform2D x="-80988.42437146448" y="38663.158185409644" scale="8.643271287672395" rotation="0"/></localToWorld><styleClasses><array><token value="bracket"/></array></styleClasses><width><double value="800"/></width></zBracketFrame><zBracketFrame><height><double value="600"/></height><id><string value="38_235421508"/></id><localToWorld><transform2D x="-70008.38652357279" y="38663.5132736267" scale="8.643329780797222" rotation="0"/></localToWorld><styleClasses><array><token value="bracket"/></array></styleClasses><width><double value="800"/></width></zBracketFrame><zText><id><string value="39_235421508"/></id><localToWorld><transform2D x="-81105.60348309387" y="36580.54914759971" scale="14.203528682351335" rotation="0"/></localToWorld><styleClasses><array><token value="subtitle"/></array></styleClasses><text><text><width>-101.37890625</width><p><span><![CDATA[Scale Up]]></span></p></text></text></zText><zImage><assetSourceFilename><string value="Pasted image at 2016_12_14 11_56 PM.png"/></assetSourceFilename><height><double value="1080"/></height><id><string value="40_235421508"/></id><localToWorld><transform2D x="-80988.06928324743" y="38946.51858262256" scale="3.228016763586944" rotation="0"/></localToWorld><onlineAssetId><string value="4692762389"/></onlineAssetId><onlineAssetUrl><string value="http://0103.static.prezi.com.s3.amazonaws.com/media/e/e/3/86304e65cee92832961529e19823ed2a8ae95.png"/></onlineAssetUrl><width><double value="1920"/></width></zImage><zText><id><string value="41_235421508"/></id><localToWorld><transform2D x="-70024.36549334043" y="36629.90640977088" scale="14.203528682351335" rotation="0"/></localToWorld><styleClasses><array><token value="subtitle"/></array></styleClasses><text><text><width>-134.70703125</width><p><span><![CDATA[Scale Down]]></span></p></text></text></zText><zImage><assetSourceFilename><string value="scaledown.jpg"/></assetSourceFilename><height><double value="1080"/></height><id><string value="42_235421508"/></id><localToWorld><transform2D x="-69976.78367225456" y="39104.53283921371" scale="3.1779732909818343" rotation="0"/></localToWorld><onlineAssetId><string value="4692763534"/></onlineAssetId><onlineAssetUrl><string value="http://0103.static.prezi.com.s3.amazonaws.com/media/e/5/b/7a5e8cf36ee821b0999e1a50ef2b8268a6d83.jpg"/></onlineAssetUrl><width><double value="1920"/></width></zImage><zBracketFrame><height><double value="600"/></height><id><string value="43_235421508"/></id><localToWorld><transform2D x="-22587.775488240517" y="55446.40276469305" scale="57.68996271837458" rotation="0"/></localToWorld><styleClasses><array><token value="bracket"/></array></styleClasses><width><double value="800"/></width></zBracketFrame><zText><id><string value="44_235421508"/></id><localToWorld><transform2D x="-23771.639603914497" y="42104.31809692632" scale="128.58830395596817" rotation="0"/></localToWorld><styleClasses><array><token value="subtitle"/></array></styleClasses><text><text><width>-139.546875</width><p><span><![CDATA[CloudWatch]]></span></p></text></text></zText><zText><id><string value="45_235421508"/></id><localToWorld><transform2D x="-21975.603402031098" y="47420.22648858452" scale="40.581510521003814" rotation="0"/></localToWorld><styleClasses><array><token value="body"/></array></styleClasses><text><text><width>1027.293340391571</width><p><span><![CDATA[In our project we have used Amazon CloudWatch to monitor AWS resources such as Amazon EC2 instances and Amazon RDS DB instances, as well as custom metrics generated by your applications and services, and any log files your applications generate.]]></span></p></text></text></zText><zBracketFrame><height><double value="600"/></height><id><string value="46_235421508"/></id><localToWorld><transform2D x="-11135.470311660632" y="54816.83135584782" scale="12.036880334537768" rotation="0"/></localToWorld><styleClasses><array><token value="bracket"/></array></styleClasses><width><double value="800"/></width></zBracketFrame><zBracketFrame><height><double value="600"/></height><id><string value="47_235421508"/></id><localToWorld><transform2D x="-33863.95690915924" y="55443.91714717366" scale="11.634138994920896" rotation="0"/></localToWorld><styleClasses><array><token value="bracket"/></array></styleClasses><width><double value="800"/></width></zBracketFrame><zBracketFrame><height><double value="600"/></height><id><string value="48_235421508"/></id><localToWorld><transform2D x="-21957.49390296117" y="66122.48509878245" scale="11.634138994920896" rotation="0"/></localToWorld><styleClasses><array><token value="bracket"/></array></styleClasses><width><double value="800"/></width></zBracketFrame><zImage><assetSourceFilename><string value="cloudwatch1.png"/></assetSourceFilename><height><double value="1080"/></height><id><string value="49_235421508"/></id><localToWorld><transform2D x="-21957.138814744103" y="66123.19527521655" scale="4.4742580572383535" rotation="0"/></localToWorld><onlineAssetId><string value="4692766812"/></onlineAssetId><onlineAssetUrl><string value="http://0103.static.prezi.com.s3.amazonaws.com/media/9/d/b/f02e1e80ae0bec79ac2934352774203dfbc3d.png"/></onlineAssetUrl><width><double value="1920"/></width></zImage><zImage><assetSourceFilename><string value="cloudwatch2.jpg"/></assetSourceFilename><height><double value="1080"/></height><id><string value="50_235421508"/></id><localToWorld><transform2D x="-33863.60182094218" y="55443.91714717361" scale="4.372689457255585" rotation="0"/></localToWorld><onlineAssetId><string value="4692766906"/></onlineAssetId><onlineAssetUrl><string value="http://0103.static.prezi.com.s3.amazonaws.com/media/9/6/4/af1c7224d2a21b13f33246a14f485ab34d5c7.jpg"/></onlineAssetUrl><width><double value="1920"/></width></zImage><zImage><assetSourceFilename><string value="cloudwatch.jpg"/></assetSourceFilename><height><double value="1080"/></height><id><string value="51_235421508"/></id><localToWorld><transform2D x="-11134.760135226516" y="54817.89662049896" scale="4.496016528841052" rotation="0"/></localToWorld><onlineAssetId><string value="4692767039"/></onlineAssetId><onlineAssetUrl><string value="http://0103.static.prezi.com.s3.amazonaws.com/media/6/2/9/9213a2e95580eaa14cc66a8fdba94a6757db0.jpg"/></onlineAssetUrl><width><double value="1920"/></width></zImage><zBracketFrame><height><double value="600"/></height><id><string value="52_235421508"/></id><localToWorld><transform2D x="79350.3" y="33222.85" scale="25.839135297522656" rotation="0"/></localToWorld><styleClasses><array><token value="bracket"/></array></styleClasses><width><double value="800"/></width></zBracketFrame><zText><id><string value="53_235421508"/></id><localToWorld><transform2D x="78922.41869844416" y="26848.661415577775" scale="41.928217141364414" rotation="0"/></localToWorld><styleClasses><array><token value="title"/></array></styleClasses><text><text><width>228.47421875</width><p><span><![CDATA[Use Case Snapshot]]></span></p></text></text></zText><zImage><assetSourceFilename><string value="Pasted image at 2016_12_15 01_25 AM.png"/></assetSourceFilename><height><double value="1080"/></height><id><string value="54_235421508"/></id><localToWorld><transform2D x="79283.89850340999" y="34166.319392725185" scale="9.59314631975672" rotation="0"/></localToWorld><onlineAssetId><string value="4692768273"/></onlineAssetId><onlineAssetUrl><string value="http://0103.static.prezi.com.s3.amazonaws.com/media/8/0/d/abeaefaace6a97f1df30fbbb87acbac55fa6d.png"/></onlineAssetUrl><width><double value="1920"/></width></zImage><zBracketFrame><height><double value="600"/></height><id><string value="55_235421508"/></id><localToWorld><transform2D x="3129.488632241868" y="-62736.18816611359" scale="25.839135297522656" rotation="0"/></localToWorld><styleClasses><array><token value="bracket"/></array></styleClasses><width><double value="800"/></width></zBracketFrame><zText><id><string value="56_235421508"/></id><localToWorld><transform2D x="3162.1567482112778" y="-68712.67794742998" scale="28.40705736470267" rotation="0"/></localToWorld><styleClasses><array><token value="title"/></array></styleClasses><text><text><width>670.7474503853437</width><p align="center"><span><![CDATA[Cost Pricing model for the next 3-6 months ]]></span></p><p align="center"><span><![CDATA[(Cost vs Performance)]]></span></p></text></text></zText><zText><id><string value="57_235421508"/></id><localToWorld><transform2D x="3162.5118364283344" y="-66189.09927831354" scale="28.40705736470267" rotation="0"/></localToWorld><styleClasses><array><token value="subtitle"/></array></styleClasses><text><text><width>-362.70703125</width><p><span><![CDATA[AWS Simple Monthly Calculator]]></span></p></text></text></zText><zImage><assetSourceFilename><string value="calculator.jpg"/></assetSourceFilename><height><double value="1080"/></height><id><string value="58_235421508"/></id><localToWorld><transform2D x="3162.8669246453937" y="-60542.09807290738" scale="8.686622294463946" rotation="0"/></localToWorld><onlineAssetId><string value="4692770162"/></onlineAssetId><onlineAssetUrl><string value="http://0103.static.prezi.com.s3.amazonaws.com/media/e/c/2/570f42ee97ebf7e7081ea2dc48767dcb235c8.jpg"/></onlineAssetUrl><width><double value="1920"/></width></zImage><zBracketFrame><height><double value="600"/></height><id><string value="59_235421508"/></id><localToWorld><transform2D x="66979.32129444994" y="-58452.048827299375" scale="24.78225740341783" rotation="0"/></localToWorld><styleClasses><array><token value="bracket"/></array></styleClasses><width><double value="800"/></width></zBracketFrame><zText><id><string value="60_235421508"/></id><localToWorld><transform2D x="67163.25699088638" y="-64434.2200200887" scale="39.08425982678835" rotation="0"/></localToWorld><styleClasses><array><token value="title"/></array></styleClasses><text><text><width>-159.62109375</width><p><span><![CDATA[Visio Diagram]]></span></p></text></text></zText><zImage><assetSourceFilename><string value="visio.JPG"/></assetSourceFilename><height><double value="782"/></height><id><string value="61_235421508"/></id><localToWorld><transform2D x="66977.90094158171" y="-57552.25528527242" scale="13.631190844430082" rotation="0"/></localToWorld><onlineAssetId><string value="4692771484"/></onlineAssetId><onlineAssetUrl><string value="http://0103.static.prezi.com.s3.amazonaws.com/media/9/c/f/1f788cb6dfb8f8b58694660f3ad3595d1a010.JPG"/></onlineAssetUrl><width><double value="1338"/></width></zImage><zBracketFrame><height><double value="600"/></height><id><string value="62_235421508"/></id><localToWorld><transform2D x="38439.10584835023" y="41677.14697180459" scale="39.239201489415656" rotation="0"/></localToWorld><styleClasses><array><token value="bracket"/></array></styleClasses><width><double value="800"/></width></zBracketFrame><zImage><assetSourceFilename><string value="flow.jpg"/></assetSourceFilename><height><double value="530"/></height><id><string value="64_235421508"/></id><localToWorld><transform2D x="38439.46093656729" y="41677.85714823871" scale="37.67473931445758" rotation="0"/></localToWorld><onlineAssetId><string value="4692773034"/></onlineAssetId><onlineAssetUrl><string value="http://0103.static.prezi.com.s3.amazonaws.com/media/a/2/1/823096d27f66cbc812a41a9fd12d24beb2eda.jpg"/></onlineAssetUrl><width><double value="653"/></width></zImage><zBracketFrame><height><double value="600"/></height><id><string value="65_235421508"/></id><localToWorld><transform2D x="95758.51111063022" y="-27935.057276833417" scale="45.28704100386198" rotation="0"/></localToWorld><styleClasses><array><token value="bracket"/></array></styleClasses><width><double value="800"/></width></zBracketFrame><zText><id><string value="66_235421508"/></id><localToWorld><transform2D x="95816.03540179374" y="-38654.17186422761" scale="73.11285971423659" rotation="0"/></localToWorld><styleClasses><array><token value="title"/></array></styleClasses><text><text><width>-216.12890625</width><p><span><![CDATA[Disaster Recovery ]]></span></p></text></text></zText><zText><id><string value="67_235421508"/></id><localToWorld><transform2D x="96389.85796056074" y="-27042.36549914763" scale="46.64262851528055" rotation="0"/></localToWorld><styleClasses><array><token value="body"/></array></styleClasses><text><text><width>644.7557348495163</width><p><span><![CDATA[- Our infrastructure has been built on Amazon RDS which allows for having a master and redundant read replica which is on standby.]]></span></p><p><span><![CDATA[- We typically have some pre-configured servers bundled as Amazon Machine Images (AMIs)]]></span></p><p><span><![CDATA[- Use Elastic IP addresses, which can be pre-allocated and identified in the preparation phase for DR, and associate them with your instances. ]]></span></p><p><span><![CDATA[- Use Elastic Load Balancing (ELB) to distribute traffic to multiple instances. ]]></span></p><p><span><![CDATA[- An Amazon EBS snapshot to ensure that we have any installation packages and configuration information available in AWS.]]></span></p></text></text></zText><zBracketFrame><height><double value="600"/></height><id><string value="68_235421508"/></id><localToWorld><transform2D x="95762.0619928008" y="-58455.59970946996" scale="15.209518970777074" rotation="0"/></localToWorld><styleClasses><array><token value="bracket"/></array></styleClasses><width><double value="800"/></width></zBracketFrame><zText><id><string value="69_235421508"/></id><localToWorld><transform2D x="95669.02887993143" y="-62042.34578998074" scale="28.40705736470267" rotation="0"/></localToWorld><styleClasses><array><token value="body"/></array></styleClasses><text><text><width>-196.0546875</width><p><span><![CDATA[Disaster Recovery]]></span></p></text></text></zText><zBracketFrame><height><double value="600"/></height><id><string value="70_235421508"/></id><localToWorld><transform2D x="91739.97775817596" y="-60188.78529693389" scale="2.079531576092971" rotation="0"/></localToWorld><styleClasses><array><token value="bracket"/></array></styleClasses><width><double value="800"/></width></zBracketFrame><zText><id><string value="71_235421508"/></id><localToWorld><transform2D x="91787.20449104479" y="-60675.611242521474" scale="3.5508821705878337" rotation="0"/></localToWorld><styleClasses><array><token value="body"/></array></styleClasses><text><text><width>-242.82421875</width><p><span><![CDATA[EBS Snapshot created]]></span></p></text></text></zText><zImage><assetSourceFilename><string value="image.png"/></assetSourceFilename><height><double value="1080"/></height><id><string value="72_235421508"/></id><localToWorld><transform2D x="91739.97775817596" y="-60088.65041972331" scale="0.7825280192854651" rotation="0"/></localToWorld><onlineAssetId><string value="4692778227"/></onlineAssetId><onlineAssetUrl><string value="http://0103.static.prezi.com.s3.amazonaws.com/media/c/9/0/44f502b8a942e4e197e87663a64de68f588d2.png"/></onlineAssetUrl><width><double value="1920"/></width></zImage><zBracketFrame><height><double value="600"/></height><id><string value="73_235421508"/></id><localToWorld><transform2D x="93339.81087198993" y="-57356.03269550536" scale="2.079531576092971" rotation="0"/></localToWorld><styleClasses><array><token value="bracket"/></array></styleClasses><width><double value="800"/></width></zBracketFrame><zText><id><string value="74_235421508"/></id><localToWorld><transform2D x="93339.45578377288" y="-57820.843171635315" scale="3.5508821705878337" rotation="0"/></localToWorld><styleClasses><array><token value="body"/></array></styleClasses><text><text><width>-226.79296875</width><p><span><![CDATA[EBS Volume Created]]></span></p></text></text></zText><zImage><assetSourceFilename><string value="image (1).png"/></assetSourceFilename><height><double value="1080"/></height><id><string value="75_235421508"/></id><localToWorld><transform2D x="93339.81087198993" y="-57227.49076093008" scale="0.7714521725046397" rotation="0"/></localToWorld><onlineAssetId><string value="4692778994"/></onlineAssetId><onlineAssetUrl><string value="http://0103.static.prezi.com.s3.amazonaws.com/media/1/7/6/28382215752c17470cb273eb70a997efb5fb5.png"/></onlineAssetUrl><width><double value="1920"/></width></zImage><zBracketFrame><height><double value="600"/></height><id><string value="76_235421508"/></id><localToWorld><transform2D x="95669.70061947253" y="-59174.21272219457" scale="2.079531576092971" rotation="0"/></localToWorld><styleClasses><array><token value="bracket"/></array></styleClasses><width><double value="800"/></width></zBracketFrame><zText><id><string value="77_235421508"/></id><localToWorld><transform2D x="95714.97436714752" y="-59686.25409238338" scale="3.5508821705878337" rotation="0"/></localToWorld><styleClasses><array><token value="body"/></array></styleClasses><text><text><width>-409.58203125</width><p><span><![CDATA[EBS Volume attached to EC2 instance]]></span></p></text></text></zText><zImage><assetSourceFilename><string value="image (2).png"/></assetSourceFilename><height><double value="1080"/></height><id><string value="78_235421508"/></id><localToWorld><transform2D x="95669.70061947253" y="-59071.23713924752" scale="0.7683902477239928" rotation="0"/></localToWorld><onlineAssetId><string value="4692779920"/></onlineAssetId><onlineAssetUrl><string value="http://0103.static.prezi.com.s3.amazonaws.com/media/0/b/3/70f7f1b29136401af967ea7968b0175c81cd0.png"/></onlineAssetUrl><width><double value="1920"/></width></zImage><zBracketFrame><height><double value="600"/></height><id><string value="80_235421508"/></id><localToWorld><transform2D x="97900.67180942811" y="-55714.07169890079" scale="2.793375942375703" rotation="0"/></localToWorld><styleClasses><array><token value="bracket"/></array></styleClasses><width><double value="800"/></width></zBracketFrame><zText><id><string value="81_235421508"/></id><localToWorld><transform2D x="97923.21991121133" y="-56400.10629544839" scale="3.5508821705878337" rotation="0"/></localToWorld><styleClasses><array><token value="body"/></array></styleClasses><text><text><width>-351.33984375</width><p><span><![CDATA[EBS Snapshot added to AWS S3]]></span></p></text></text></zText><zImage><assetSourceFilename><string value="image (4).png"/></assetSourceFilename><height><double value="1080"/></height><id><string value="82_235421508"/></id><localToWorld><transform2D x="97900.31672121103" y="-55561.38376556551" scale="1.0426481400232028" rotation="0"/></localToWorld><onlineAssetId><string value="4692780802"/></onlineAssetId><onlineAssetUrl><string value="http://0103.static.prezi.com.s3.amazonaws.com/media/f/e/c/b94d4912c7b1854acad5cb7b79b00e594da4d.png"/></onlineAssetUrl><width><double value="1920"/></width></zImage><zBracketFrame><height><double value="600"/></height><id><string value="83_235421508"/></id><localToWorld><transform2D x="100513.95591627437" y="-60751.99707987512" scale="2.079531576092971" rotation="0"/></localToWorld><styleClasses><array><token value="bracket"/></array></styleClasses><width><double value="800"/></width></zBracketFrame><zText><id><string value="84_235421508"/></id><localToWorld><transform2D x="100535.97138573203" y="-61270.430037970946" scale="3.5508821705878337" rotation="0"/></localToWorld><styleClasses><array><token value="body"/></array></styleClasses><text><text><width>-414.46875</width><p><span><![CDATA[Elastic IP attached to the EC2 instance]]></span></p></text></text></zText><zImage><assetSourceFilename><string value="ip.jpg"/></assetSourceFilename><height><double value="805"/></height><id><string value="85_235421508"/></id><localToWorld><transform2D x="100513.95591627437" y="-60660.739408090994" scale="1.0280903563667705" rotation="0"/></localToWorld><onlineAssetId><string value="4692781520"/></onlineAssetId><onlineAssetUrl><string value="http://0103.static.prezi.com.s3.amazonaws.com/media/b/7/9/85fed3251c4a25dc2dc46055235f209dc6a24.jpg"/></onlineAssetUrl><width><double value="1432"/></width></zImage><zBracketFrame><height><double value="600"/></height><id><string value="86_235421508"/></id><localToWorld><transform2D x="91530.80666688805" y="-55323.176739200884" scale="2.0795315760929713" rotation="0"/></localToWorld><styleClasses><array><token value="bracket"/></array></styleClasses><width><double value="800"/></width></zBracketFrame><zText><id><string value="87_235421508"/></id><localToWorld><transform2D x="91541.81440161687" y="-55800.77039114495" scale="2.7164296558690695" rotation="0"/></localToWorld><styleClasses><array><token value="body"/></array></styleClasses><text><text><width>487.8611335520436</width><p><span><![CDATA[Snapshots of the RDS Db is taken every day. ]]></span></p></text></text></zText><zBracketFrame><height><double value="600"/></height><id><string value="88_235421508"/></id><localToWorld><transform2D x="91130.97733447986" y="-55437.870233310874" scale="0.8683266315726681" rotation="0"/></localToWorld><styleClasses><array><token value="bracket"/></array></styleClasses><width><double value="800"/></width></zBracketFrame><zImage><assetSourceFilename><string value="Pasted image at 2016_12_14 05_41 PM.png"/></assetSourceFilename><height><double value="1080"/></height><id><string value="89_235421508"/></id><localToWorld><transform2D x="91130.95" y="-55457.750000000015" scale="0.3355490314342021" rotation="0"/></localToWorld><onlineAssetId><string value="4692782501"/></onlineAssetId><onlineAssetUrl><string value="http://0103.static.prezi.com.s3.amazonaws.com/media/d/1/c/b8b3547e59eae0f54ba57ccfe138dc451bde9.png"/></onlineAssetUrl><width><double value="1920"/></width></zImage><zBracketFrame><height><double value="600"/></height><id><string value="90_235421508"/></id><localToWorld><transform2D x="91913.85" y="-55029.200000000004" scale="0.9420692068474448" rotation="0"/></localToWorld><styleClasses><array><token value="bracket"/></array></styleClasses><width><double value="800"/></width></zBracketFrame><zImage><assetSourceFilename><string value="Pasted image at 2016_12_14 05_38 PM.png"/></assetSourceFilename><height><double value="1080"/></height><id><string value="91_235421508"/></id><localToWorld><transform2D x="91913.85" y="-55029.200000000004" scale="0.35076242914872335" rotation="0"/></localToWorld><onlineAssetId><string value="4692782794"/></onlineAssetId><onlineAssetUrl><string value="http://0103.static.prezi.com.s3.amazonaws.com/media/d/f/e/87b3781b695872a0820343190746692e351df.png"/></onlineAssetUrl><width><double value="1920"/></width></zImage><zBracketFrame><height><double value="600"/></height><id><string value="92_235421508"/></id><localToWorld><transform2D x="98850.45" y="-58434.15" scale="2.2379720771286267" rotation="0"/></localToWorld><styleClasses><array><token value="bracket"/></array></styleClasses><width><double value="800"/></width></zBracketFrame><zText><id><string value="93_235421508"/></id><localToWorld><transform2D x="98855.45" y="-58956.4" scale="4" rotation="0"/></localToWorld><styleClasses><array><token value="body"/></array></styleClasses><text><text><width>-230.3203125</width><p><span><![CDATA[Multi-Availability zone]]></span></p></text></text></zText><zImage><assetSourceFilename><string value="Pasted image at 2016_12_15 12_27 AM.png"/></assetSourceFilename><height><double value="768"/></height><id><string value="94_235421508"/></id><localToWorld><transform2D x="98859.1" y="-58323.6" scale="1.1596641766902325" rotation="0"/></localToWorld><onlineAssetId><string value="4692784341"/></onlineAssetId><onlineAssetUrl><string value="http://0103.static.prezi.com.s3.amazonaws.com/media/c/3/0/47bcf7f8bc6baec055a1b0e7e2d80fe6c7de2.png"/></onlineAssetUrl><width><double value="1366"/></width></zImage><zBracketFrame><height><double value="600"/></height><id><string value="95_235421508"/></id><localToWorld><transform2D x="104114.95" y="6942.25" scale="27.731938279679227" rotation="0"/></localToWorld><styleClasses><array><token value="bracket"/></array></styleClasses><width><double value="800"/></width></zBracketFrame><zImage><assetSourceFilename><string value="Thank_You_1024_681_84_s_c1_large.jpg"/></assetSourceFilename><height><double value="681"/></height><id><string value="96_235421508"/></id><localToWorld><transform2D x="104115.4" y="6942.4" scale="18.335173663952357" rotation="0"/></localToWorld><onlineAssetId><string value="4692785620"/></onlineAssetId><onlineAssetUrl><string value="http://0103.static.prezi.com.s3.amazonaws.com/media/5/0/4/21f4d6ec8ea829125291c0ea240927920d187.jpg"/></onlineAssetUrl><width><double value="1024"/></width></zImage></array></zObjects></prezi>